,vh,vl,H_CDR1_aln,H_CDR2_aln,H_CDR3_aln,L_CDR1_aln,L_CDR2_aln,L_CDR3_aln
0,EVQLVQSGAEVKKPGESLKISCKGSGYSFTSYWIGWVRQMPGKGLEWMGIIYPSDSDTRYSPSFQGQVTISADKSISTACLQWSSLKASDTAMYYCARRNNWNYDTFDIWGQGTMVTVSS,SYELTQPPSVSVSPGQTARITCSGDALPKQYAYWYQQKPGQAPVLVIYKDSERPSGIPERFSGSSSGTTVTLTISGVQAEDEADYYCQSADSSGTYEVFGGGTKLTVL,GYSF----TSYW,IYPS--DSDT,ARRNNWN---------YDTFDI,ALP------KQY,KD-------S,QSADSS--GTYEV
1,EVQLVESGGGLVQPGRSLKLSCAASGFTFSNYYMAWVRQAPKKGLEWVATISTSGSRTYYPDSVKGRFTISRDNAKSSLYLQMNSLKSEDTATYYCAREGVYYYDGYYRGNWFAYWGQGTLVTVSS,ETVMTQSPASMSTSVGERVTVNCKASQSVGSVVAWFQQIPGQSPKRLIYLASNRHTGVPDRFTGSGFGRDFTLTISNVEAEDLAVYYCLQYDSIPYTFGAGTKLELK,GFTF----SNYY,ISTS--GSRT,AREGVYYYDG---YYRGNWFAY,QSV------GSV,LA-------S,LQYDS----IPYT
2,QVQLVQSGAEVKKPGASVKVSCKASGYTFTSYGISWVRQAPGQGLEWMGWISAYNGNTNYAQKLQGRVTMTTDTSTTTAYMELRSLRSDDTAVYYCARASGLWLVGSGDYWGQGTLVTVSS,EIVLTQSPGTLSLSPGERATLSCRASQSVSSNFLAWYQQKPGQAPRLLIYGASSRATGVPDRFSGSGSGTDFTLTISRLEPEDFAVYYCQQYGSSPRTFGPGTKVEIK,GYTF----TSYG,ISAY--NGNT,ARASGLW--------LVGSGDY,QSVS-----SNF,GA-------S,QQYGS----SPRT
3,QLQLQESGPGLVKPSETLSLTCTVSGGSISSSSYYWGWIRQPPGKGLEWIGSIYYSGSTYYNPSLKSRVTISVDTSKNQFSLKLSSVTAADTAVYYCARQLGYGSGSYYNYYYMDVWGKGTTVTVSS,DIQMTQSPSFLSASVGERVTLSCKASQNINKYLDWYQQKLGEAPKLLIYNTNNLHTGIPSRFSGSGSGTDYTLTISSLQPEDVATYFCLQRNSWPYTFGAGTKLELK,GGSIS--SSSYY,IYYS---GST,ARQLGYGSGS---YYNYYYMDV,QNI------NKY,NT-------N,LQRNS----WPYT
4,QIQLVQSGPELKKPGETVKISCKASGYTFTNYGMNWVKQAPGKGLKWMGWINTNTGEPTYAEEFKGRFAFSLETSASTAYLQINNLKNEDTATYFCASGDYYGSRYFDYWGQGTTLTVSS,DVVMTQTPLSLPVSLGDQASISCRSSQSLVHSNGNTYLHWYLQKPGQSPKLLIYKVSNRFSGVPDRFSGSGSGTDFTLKISRVEAEDLGVYFCSQSTHVPPYTFGGGTKLEIK,GYTF----TNYG,INTN--TGEP,ASGDYYG---------SRYFDY,QSLVHS-NGNTY,KV-------S,SQSTH---VPPYT
5,EVQLVESGGGLVQPGRSMKLSCAASGFTFNNYDMAWVCQAPKKGLEWVATISYDGSSTYYRDSVKGRFTISRDNIKSTLYLQMDSLRSEDTATYYCARQARGFAYWGQGTLVTVSS,DIQMTQSPASLSASLGETVTIECLASEDIYSNLAWYQQKPGKSPQLLIYDASSLQDGVPSRFSGSESGTQYSLEINSLQSEDAATYFCQQHHDYPLTFGSGTKLEIK,GFTF----NNYD,ISYD--GSST,ARQAR-------------GFAY,EDI------YSN,DA-------S,QQHHD----YPLT
6,EVQLVESGGGLVQPGRSMKLSCAASGFTFNNYDMAWVCQAPKKGLEWVATISYDGSSTYYRDSVKGRFTISRDNAKSTLYLQMDSLRSEDTATYYCARWDRGEAFDYWGQGVMVTVSS,DVQMTQSPSNLAASPGESVSINCKASKSISKYLAWYQQKPGKANKLLIYSGSTLQSGTPSRFSGSGSGTDFTLTIRNLEPEDFGLYYCQQHNEYPLTFGSGTKLEIK,GFTF----NNYD,ISYD--GSST,ARWDRG-----------EAFDY,KSI------SKY,SG-------S,QQHNE----YPLT
7,EVQLVETGGGLVQPGKSLKLTCATSGFTFSNAWMDWVRQSPEKQLEWVAQIKDKSNNYATYYAESVKGRFTISRDDSKSSVYLQMNSLKEEDTAIYYCTWELDWFAYWGQGTLVTVSS,SYELTQPPSVSVSPGQTASITCSGDKLGDKYACWYQQKPGQSPVLVIYQDSKRPSGIPERFSGSNSGNTATLTISGTQAMDEADYYCQAWDSSTLYVFGTGTKVTVL,GFTF----SNAW,IKDKSNNYAT,TWELD-------------WFAY,KLG------DKY,QD-------S,QAWDS---STLYV
8,QVQLQQPGAELVKPGTSVKLSCKASGYNFTSYWINWVKLRPGQGLEWIGDIYPGSGSTNYNEKFKSKATLTVDTSSSTAYMQLSSLASEDSALYYCARSGNWDRFAYWGQGTLVTVSA,DIVLTQSPGSLAVSLGQRATISCRASESVEYYGTGLMQWYQQKPGQPPKLLIYAASNVESGVPARFSGSGSGTDFSLNIHPVEEDDIAVYFCQQSRKVPWTFGGGTKLEIK,GYNF----TSYW,IYPG--SGST,ARSGNW-----------DRFAY,ESVEY--YGTGL,AA-------S,QQSRK----VPWT
9,QVQLVESGGGVVQPGRSLRLSCAASGFTFSGYGMHWVRQAPGKGLEWVAVISYDGSKKYYADSVKGRFTISRDNSENTLYLQMNSLRAEDTAVYYCAKDRYAGRKYCSSTSCYNYFHYWGQGTLVTVSS,EIVLTQSPDFQSVTPKEKVTITCRASQSIGSSLHWYQQKPDQSPKLLIKYASQSISGVPSRFSGSGSGTDFTLTINGLEGEDAATYYCHQSSGLPLTFGGGTKVEIK,GFTF----SGYG,ISYD--GSKK,AKDRYAGRKYCSSTSCYNYFHY,QSI------GSS,YA-------S,HQSSG----LPLT
